Datetime,Water Level (m)
2026-05-22 06:00:00,0.07002957
2026-05-22 07:00:00,-0.08205183
2026-05-22 08:00:00,-0.21442743
2026-05-22 09:00:00,-0.1741234
2026-05-22 10:00:00,0.04158211
2026-05-22 11:00:00,0.24558936
2026-05-22 12:00:00,0.4681817
2026-05-22 13:00:00,0.6570502
2026-05-22 14:00:00,0.85307086
2026-05-22 15:00:00,0.89934736
2026-05-22 16:00:00,0.7893573
2026-05-22 17:00:00,0.64195234
2026-05-22 18:00:00,0.47042507
2026-05-22 19:00:00,0.28767177
2026-05-22 20:00:00,0.09685581
2026-05-22 21:00:00,-0.06837558
2026-05-22 22:00:00,-0.1534235
2026-05-22 23:00:00,-0.054618385
2026-05-23 00:00:00,0.10356766
2026-05-23 01:00:00,0.28625697
2026-05-23 02:00:00,0.46150696
2026-05-23 03:00:00,0.6007936
2026-05-23 04:00:00,0.6339398
2026-05-23 05:00:00,0.5588415
2026-05-23 06:00:00,0.4498266
2026-05-23 07:00:00,0.31888983
2026-05-23 08:00:00,0.18364677
2026-05-23 09:00:00,0.061985556
2026-05-23 10:00:00,0.06519768
2026-05-23 11:00:00,0.24400614
2026-05-23 12:00:00,0.38925406
2026-05-23 13:00:00,0.56510013
2026-05-23 14:00:00,0.72058296
2026-05-23 15:00:00,0.88080806
2026-05-23 16:00:00,0.93421936
2026-05-23 17:00:00,0.85007256
2026-05-23 18:00:00,0.72567916
2026-05-23 19:00:00,0.5799305
2026-05-23 20:00:00,0.4186946
2026-05-23 21:00:00,0.24453993
2026-05-23 22:00:00,0.08842381
2026-05-23 23:00:00,0.007204383
2026-05-24 00:00:00,0.10418728
2026-05-24 01:00:00,0.2629882
2026-05-24 02:00:00,0.44084522
2026-05-24 03:00:00,0.6143961
2026-05-24 04:00:00,0.7665769
2026-05-24 05:00:00,0.82754064
2026-05-24 06:00:00,0.7526013
2026-05-24 07:00:00,0.6393682
2026-05-24 08:00:00,0.5059516
2026-05-24 09:00:00,0.36434335
2026-05-24 10:00:00,0.22848874
2026-05-24 11:00:00,0.17004351
2026-05-24 12:00:00,0.30152866
2026-05-24 13:00:00,0.42924917
2026-05-24 14:00:00,0.5669066
2026-05-24 15:00:00,0.70040727
2026-05-24 16:00:00,0.8452088
2026-05-24 17:00:00,0.9159369
2026-05-24 18:00:00,0.858616
2026-05-24 19:00:00,0.7584928
2026-05-24 20:00:00,0.62858284
2026-05-24 21:00:00,0.4773084
2026-05-24 22:00:00,0.31181473
2026-05-24 23:00:00,0.15533292
2026-05-25 00:00:00,0.060908947
2026-05-25 01:00:00,0.11885153
2026-05-25 02:00:00,0.2713008
2026-05-25 03:00:00,0.43122312
2026-05-25 04:00:00,0.6113254
2026-05-25 05:00:00,0.7767102
2026-05-25 06:00:00,0.8707818
2026-05-25 07:00:00,0.833148
2026-05-25 08:00:00,0.73259443
2026-05-25 09:00:00,0.6042155
2026-05-25 10:00:00,0.46591753
2026-05-25 11:00:00,0.32374087
2026-05-25 12:00:00,0.2234235
2026-05-25 13:00:00,0.26983443
2026-05-25 14:00:00,0.4074235
2026-05-25 15:00:00,0.53397053
2026-05-25 16:00:00,0.6639376
2026-05-25 17:00:00,0.7945011
2026-05-25 18:00:00,0.88956296
2026-05-25 19:00:00,0.8488217
2026-05-25 20:00:00,0.7419403
2026-05-25 21:00:00,0.60422665
2026-05-25 22:00:00,0.44876876
2026-05-25 23:00:00,0.28182763
2026-05-26 00:00:00,0.12680483
2026-05-26 01:00:00,0.03314612
2026-05-26 02:00:00,0.11221352
2026-05-26 03:00:00,0.27292818
2026-05-26 04:00:00,0.44059867
2026-05-26 05:00:00,0.62353075
2026-05-26 06:00:00,0.79669976
2026-05-26 07:00:00,0.8991637
2026-05-26 08:00:00,0.86088717
2026-05-26 09:00:00,0.75067943
2026-05-26 10:00:00,0.6114588
2026-05-26 11:00:00,0.4598804
2026-05-26 12:00:00,0.29693738
2026-05-26 13:00:00,0.16239013
2026-05-26 14:00:00,0.15589368
2026-05-26 15:00:00,0.29897004
2026-05-26 16:00:00,0.4136322
2026-05-26 17:00:00,0.54784495
2026-05-26 18:00:00,0.68065065
2026-05-26 19:00:00,0.7708314
2026-05-26 20:00:00,0.716785
2026-05-26 21:00:00,0.5946046
2026-05-26 22:00:00,0.44925258
2026-05-26 23:00:00,0.29366016
2026-05-27 00:00:00,0.13917165
2026-05-27 01:00:00,0.0061858413
2026-05-27 02:00:00,-0.037005655
2026-05-27 03:00:00,0.15005787
2026-05-27 04:00:00,0.31499252
2026-05-27 05:00:00,0.5150407
2026-05-27 06:00:00,0.69648796
2026-05-27 07:00:00,0.86827767
2026-05-27 08:00:00,0.937026
2026-05-27 09:00:00,0.8608917
2026-05-27 10:00:00,0.7354819
2026-05-27 11:00:00,0.5850552
2026-05-27 12:00:00,0.42248622
2026-05-27 13:00:00,0.25162488
2026-05-27 14:00:00,0.111483656
2026-05-27 15:00:00,0.09373294
2026-05-27 16:00:00,0.25041115
2026-05-27 17:00:00,0.37926358
2026-05-27 18:00:00,0.5312918
2026-05-27 19:00:00,0.6669633
2026-05-27 20:00:00,0.72808486
2026-05-27 21:00:00,0.6497352
2026-05-27 22:00:00,0.53284866
2026-05-27 23:00:00,0.38722983
2026-05-28 00:00:00,0.23486929
2026-05-28 01:00:00,0.07829432
2026-05-28 02:00:00,-0.053593367
2026-05-28 03:00:00,-0.04617303
2026-05-28 04:00:00,0.16509157
2026-05-28 05:00:00,0.3364369
2026-05-28 06:00:00,0.5631528
